{
  "old_new": "new",
  "id": "DIA-NN_20260625_103545",
  "software_name": "DIA-NN",
  "software_version": "2.3.1 Academia ",
  "search_engine": "DIA-NN",
  "search_engine_version": "2.3.1 Academia ",
  "ident_fdr_psm": "0.1",
  "ident_fdr_peptide": "nan",
  "ident_fdr_protein": "nan",
  "enable_match_between_runs": true,
  "precursor_mass_tolerance": "[-2.2 ppm, 2.2 ppm]",
  "fragment_mass_tolerance": "[-7 ppm, 7 ppm]",
  "enzyme": "No digestion",
  "allowed_miscleavages": "1",
  "min_peptide_length": "7",
  "max_peptide_length": "30",
  "is_temporary": false,
  "intermediate_hash": "7bb3e6b99c880cd9161517711834cfb683ebe2f9",
  "results": {
    "nr_id_features": 124441,
    "reported_fdr_parsed_from_input": 0.09997384250164032,
    "combined_FDP": 0.03963323984860295,
    "lower_bound_FDP": 0.019816619924301476,
    "paired_FDP": 0.04256635674737426,
    "category_combined": "valid",
    "category_paired": "valid",
    "fdp_curve": {
      "0.00999738": {
        "lower_bound_FDP": 0.0041853065843841086,
        "combined_FDP": 0.008370613168768217,
        "paired_FDP": 0.008829715676749127,
        "nr_id_features": 93661
      },
      "0.01999477": {
        "lower_bound_FDP": 0.008621800271537158,
        "combined_FDP": 0.017243600543074316,
        "paired_FDP": 0.01856164587194149,
        "nr_id_features": 100907
      },
      "0.02999215": {
        "lower_bound_FDP": 0.012775380422439246,
        "combined_FDP": 0.025550760844878492,
        "paired_FDP": 0.02770838064955712,
        "nr_id_features": 105672
      },
      "0.03998954": {
        "lower_bound_FDP": 0.017326529308125577,
        "combined_FDP": 0.034653058616251155,
        "paired_FDP": 0.03763818774362579,
        "nr_id_features": 109543
      },
      "0.04998692": {
        "lower_bound_FDP": 0.0217911877394636,
        "combined_FDP": 0.0435823754789272,
        "paired_FDP": 0.04742266212572726,
        "nr_id_features": 112752
      },
      "0.05998431": {
        "lower_bound_FDP": 0.021299051837497404,
        "combined_FDP": 0.04259810367499481,
        "paired_FDP": 0.046196968648349365,
        "nr_id_features": 115592
      },
      "0.06998169": {
        "lower_bound_FDP": 0.02084919869354047,
        "combined_FDP": 0.04169839738708094,
        "paired_FDP": 0.04507454603915994,
        "nr_id_features": 118182
      },
      "0.07997907": {
        "lower_bound_FDP": 0.020416445799098862,
        "combined_FDP": 0.040832891598197724,
        "paired_FDP": 0.0440216671084018,
        "nr_id_features": 120736
      },
      "0.08997646": {
        "lower_bound_FDP": 0.020064114038370787,
        "combined_FDP": 0.04012822807674157,
        "paired_FDP": 0.04317120400956829,
        "nr_id_features": 122906
      },
      "0.09997384": {
        "lower_bound_FDP": 0.019816619924301476,
        "combined_FDP": 0.03963323984860295,
        "paired_FDP": 0.04256635674737426,
        "nr_id_features": 124441
      }
    }
  },
  "nr_id_features": 124441,
  "lower_bound_FDP": 0.019816619924301476,
  "combined_FDP": 0.03963323984860295,
  "category_combined": "valid",
  "category_paired": "valid",
  "paired_FDP": 0.04256635674737426,
  "reported_fdr_parsed_from_input": 0.09997384250164032,
  "fdp_curve": {
    "0.00999738": {
      "lower_bound_FDP": 0.0041853065843841086,
      "combined_FDP": 0.008370613168768217,
      "paired_FDP": 0.008829715676749127,
      "nr_id_features": 93661
    },
    "0.01999477": {
      "lower_bound_FDP": 0.008621800271537158,
      "combined_FDP": 0.017243600543074316,
      "paired_FDP": 0.01856164587194149,
      "nr_id_features": 100907
    },
    "0.02999215": {
      "lower_bound_FDP": 0.012775380422439246,
      "combined_FDP": 0.025550760844878492,
      "paired_FDP": 0.02770838064955712,
      "nr_id_features": 105672
    },
    "0.03998954": {
      "lower_bound_FDP": 0.017326529308125577,
      "combined_FDP": 0.034653058616251155,
      "paired_FDP": 0.03763818774362579,
      "nr_id_features": 109543
    },
    "0.04998692": {
      "lower_bound_FDP": 0.0217911877394636,
      "combined_FDP": 0.0435823754789272,
      "paired_FDP": 0.04742266212572726,
      "nr_id_features": 112752
    },
    "0.05998431": {
      "lower_bound_FDP": 0.021299051837497404,
      "combined_FDP": 0.04259810367499481,
      "paired_FDP": 0.046196968648349365,
      "nr_id_features": 115592
    },
    "0.06998169": {
      "lower_bound_FDP": 0.02084919869354047,
      "combined_FDP": 0.04169839738708094,
      "paired_FDP": 0.04507454603915994,
      "nr_id_features": 118182
    },
    "0.07997907": {
      "lower_bound_FDP": 0.020416445799098862,
      "combined_FDP": 0.040832891598197724,
      "paired_FDP": 0.0440216671084018,
      "nr_id_features": 120736
    },
    "0.08997646": {
      "lower_bound_FDP": 0.020064114038370787,
      "combined_FDP": 0.04012822807674157,
      "paired_FDP": 0.04317120400956829,
      "nr_id_features": 122906
    },
    "0.09997384": {
      "lower_bound_FDP": 0.019816619924301476,
      "combined_FDP": 0.03963323984860295,
      "paired_FDP": 0.04256635674737426,
      "nr_id_features": 124441
    }
  },
  "comments": "",
  "proteobench_version": "0.15.6.dev5+g04b544aa7.d20260602",
  "fixed_mods": "C[Carbamidomethyl]",
  "variable_mods": "nan",
  "max_mods": "nan",
  "min_precursor_charge": "1",
  "max_precursor_charge": "4",
  "min_precursor_mz": "300",
  "max_precursor_mz": "1800",
  "min_fragment_mz": "200",
  "max_fragment_mz": "1800",
  "quantification_method": "QuantUMS high-precision",
  "protein_inference": "Genes",
  "abundance_normalization_ions": "Cross-run normalization",
  "predictors_library": "{'RT': 'User defined speclib', 'IM': 'User defined speclib', 'MS2_int': 'User defined speclib'}",
  "scan_window": "6",
  "submission_comments": "10% precursor FDR\n\n ### No parameter changes detected. \n\n\nDataset URL: https://proteobench.cubimed.rub.de/datasets/7bb3e6b99c880cd9161517711834cfb683ebe2f9/"
}